"source","output","source_md5","output_md5"
"vignettes-raw/articles/cli-esgf-store.Rmd","vignettes/articles/cli-esgf-store.Rmd","670b52e525384444c3dedc2067d7986b","0c686e5d53d49763655eac5c0a511595"
"vignettes-raw/articles/downloader.Rmd","vignettes/articles/downloader.Rmd","9668ccb5b39f0ca2f49e146a1a100a7c","c858afd688806de6707b05246e5a0864"
"vignettes-raw/articles/epw-morpher.Rmd","vignettes/articles/epw-morpher.Rmd","3c690a7553fbf2e8a17aa1bbc18010e3","d5ad2b41510c06c6279c7e240012020b"
"vignettes-raw/articles/esg-dictionaries.Rmd","vignettes/articles/esg-dictionaries.Rmd","c9deebe717644a88cd19458298bb30ad","9d9faf9704a31e5691e2fe79a6ea997a"
"vignettes-raw/articles/esg-store.Rmd","vignettes/articles/esg-store.Rmd","b167e64d7a6fe9d55d7c90af18732e5e","73ccee7ffed89d25d3995e85f82f6b3d"
"vignettes-raw/articles/esgf-query-results.Rmd","vignettes/articles/esgf-query-results.Rmd","74bb405835a0c7129a401d4fec730d93","d3a12d4fa817d4882f3f143b1ca1897b"
"vignettes-raw/articles/esgf-troubleshooting.Rmd","vignettes/articles/esgf-troubleshooting.Rmd","1dcf88ba6ab702e8cdf0f89fbe58d39f","95dbbe16eb8ec91fbd55561ad7d06ac7"
"vignettes-raw/articles/future-epw-workflow.Rmd","vignettes/articles/future-epw-workflow.Rmd","c1c5daaa855184fba5a102cfaf418df9","1bff7a31fe9c906566ec0ff495878041"
"vignettes-raw/articles/legacy-migration.Rmd","vignettes/articles/legacy-migration.Rmd","8933bfd80db2384c8f1dd71d1371c74d","42d005d4d000f06c29bfd8f4c473ec5c"
